club,liga,nivel,presupuesto_fichajes,tope_salarial,competicion_internacional,rival,team_id,rating_club,ataque,mediocampo,defensa,prestigio_domestico,rank_ataque,rank_mediocampo,rank_defensa,n_clubes_liga,edad_media,valor_plantilla
AFC Bournemouth,Premier League,1,26.9,54.4,no,Southampton,1943,75,75,75,74,2,13,17,17,20,25.0,179.1
Almería,La Liga,1,26.4,28.0,no,Granada,1861,75,75,74,74,2,16,17,15,20,24.1,175.8
Arsenal,Premier League,7,130.2,152.9,si,Tottenham Hotspur,1,82,82,84,81,8,3,2,4,20,23.8,867.8
Aston Villa,Premier League,5,77.1,114.7,no,West Bromwich Albion,2,80,82,79,79,6,3,8,6,20,24.7,514.0
Atalanta,Serie A,6,47.2,54.3,no,Milan,39,78,79,77,77,7,7,7,8,20,26.4,314.6
Athletic Club,La Liga,5,49.3,35.0,no,Real Sociedad,448,79,77,79,77,7,10,6,6,20,26.2,328.5
Atlético Madrid,La Liga,9,102.6,94.9,si,Real Madrid,240,83,85,82,81,9,1,3,4,20,26.3,683.9
Bayer 04 Leverkusen,Bundesliga,6,83.4,64.7,si,FC Köln,32,80,81,81,79,8,3,2,3,18,23.7,555.9
Bologna,Serie A,2,24.0,31.3,no,Fiorentina,189,74,73,76,73,4,17,9,13,20,24.2,160.2
Borussia Dortmund,Bundesliga,7,90.3,65.2,si,Schalke 04,22,81,81,81,81,9,3,2,2,18,25.1,601.9
Borussia Mönchengladbach,Bundesliga,5,30.2,32.2,no,FC Köln,23,76,75,76,75,5,12,6,7,18,24.5,201.3
Brentford,Premier League,2,31.0,58.7,no,Queens Park Rangers,1925,76,75,76,76,3,13,15,11,20,24.5,206.8
Brest,Ligue 1,1,10.6,19.3,no,Guingamp,378,72,72,73,72,2,12,11,12,18,25.3,70.5
Brighton & Hove Albion,Premier League,3,38.7,81.7,no,Crystal Palace,1808,77,77,77,78,5,10,10,8,20,24.7,258.0
Burnley,Premier League,1,25.0,50.9,no,Blackburn Rovers,1796,74,69,74,73,2,20,18,18,20,24.3,166.7
Cagliari,Serie A,1,12.3,28.5,no,Napoli,1842,72,72,72,71,2,18,18,17,20,26.5,81.9
Celta de Vigo,La Liga,4,30.2,27.0,no,Racing Ferrol,450,76,79,76,75,6,7,12,13,20,24.6,201.5
Chelsea,Premier League,7,90.8,126.7,no,Arsenal,5,80,77,81,78,8,10,5,8,20,22.6,605.2
Clermont,Ligue 1,1,8.3,14.5,no,Saint-Étienne,1815,72,71,72,71,2,14,14,16,18,25.8,55.5
Crystal Palace,Premier League,2,33.2,45.2,no,Brighton & Hove Albion,1799,76,75,76,76,4,13,15,11,20,24.2,221.5
Cádiz,La Liga,1,21.5,37.3,no,Sevilla,1968,75,74,75,73,4,18,15,17,20,27.3,143.2
Darmstadt 98,Bundesliga,1,8.9,20.8,no,Eintracht Frankfurt,110502,71,69,71,71,1,18,17,17,18,25.4,59.6
Deportivo Alavés,La Liga,1,13.6,23.7,no,Athletic Club,463,72,73,73,73,2,20,19,17,20,24.0,90.7
Eintracht Frankfurt,Bundesliga,6,31.8,40.0,no,FSV Mainz 05,1824,76,76,76,75,7,8,6,7,18,24.0,212.1
Empoli,Serie A,1,16.7,18.4,no,Fiorentina,1746,73,74,74,72,2,13,11,14,20,24.6,111.6
Everton,Premier League,4,35.2,44.8,no,Liverpool,7,77,79,77,75,3,7,10,15,20,25.9,234.6
FC Augsburg,Bundesliga,3,20.5,35.1,no,FC Bayern München,100409,74,72,74,74,4,16,12,11,18,24.2,136.4
FC Barcelona,La Liga,10,147.0,185.8,si,Real Madrid,241,84,84,84,83,10,3,2,1,20,23.9,979.8
FC Bayern München,Bundesliga,9,138.3,94.1,si,Borussia Dortmund,21,84,90,84,83,10,1,1,1,18,25.8,921.9
FC Köln,Bundesliga,3,18.8,27.7,no,Borussia Mönchengladbach,31,74,73,74,73,4,15,12,14,18,24.5,125.3
FC Union Berlin,Bundesliga,4,28.7,41.5,si,Hertha BSC,1831,77,77,75,77,5,5,10,5,18,26.5,191.3
FSV Mainz 05,Bundesliga,2,22.0,30.1,no,Eintracht Frankfurt,169,75,77,75,74,4,5,10,11,18,25.2,146.9
Fiorentina,Serie A,5,48.5,66.8,no,Juventus,110374,78,78,77,78,6,8,7,7,20,25.2,323.4
Frosinone,Serie A,1,8.7,19.5,no,Bologna,111657,70,70,70,67,1,20,19,20,20,24.5,57.9
Fulham,Premier League,2,32.6,89.2,no,Queens Park Rangers,144,77,76,77,76,5,12,10,11,20,25.5,217.4
Genoa,Serie A,2,16.1,27.0,no,Sampdoria,110556,73,76,73,71,2,10,14,17,20,26.5,107.6
Getafe,La Liga,4,29.6,36.7,no,Leganés,1860,76,82,76,75,5,5,12,13,20,26.1,197.6
Girona,La Liga,1,32.7,35.6,no,Espanyol,110062,76,77,76,76,1,10,12,11,20,25.0,217.8
Granada,La Liga,1,15.7,25.9,no,Real Betis,110832,73,76,72,72,2,14,20,19,20,26.7,104.3
Heidenheim,Bundesliga,1,7.8,20.9,no,Sandhausen,111235,71,72,70,71,1,16,18,17,18,25.0,52.0
Hellas Verona,Serie A,1,18.9,28.8,no,Napoli,206,74,71,74,74,3,19,11,10,20,25.3,125.8
Inter,Serie A,8,98.1,106.5,si,Milan,44,82,81,82,82,10,3,1,1,20,28.0,654.1
Juventus,Serie A,9,72.3,118.8,si,Inter,45,80,81,80,79,10,3,3,6,20,25.7,482.0
Las Palmas,La Liga,1,20.1,27.1,no,Tenerife,472,74,75,75,72,2,16,15,19,20,25.9,134.2
Lazio,Serie A,6,61.1,70.7,si,Roma,46,80,81,79,80,7,3,4,4,20,26.9,407.6
Le Havre,Ligue 1,1,8.5,13.6,no,Caen,1738,70,70,70,71,2,15,17,16,18,23.8,56.9
Lecce,Serie A,1,13.7,15.0,no,Bari 1908,347,72,74,68,72,2,13,20,14,20,22.9,91.4
Lens,Ligue 1,4,38.8,42.5,si,Lille,64,77,77,76,77,7,3,5,3,18,25.1,258.4
Lille,Ligue 1,4,29.3,32.3,si,Lens,65,76,77,75,75,6,3,7,5,18,24.1,195.3
Liverpool,Premier League,9,137.5,166.5,si,Manchester United,9,83,84,82,84,9,2,4,1,20,24.2,916.5
Lorient,Ligue 1,1,16.2,24.1,no,Rennes,217,73,73,73,73,3,10,11,9,18,24.2,107.7
Luton Town,Premier League,1,10.1,41.7,no,Watford,1923,72,72,72,72,1,18,20,19,20,26.8,67.0
Mallorca,La Liga,1,26.5,28.3,no,Villarreal,453,76,77,77,74,3,10,9,15,20,27.2,176.8
Manchester City,Premier League,10,171.6,215.9,si,Manchester United,10,85,87,86,83,10,1,1,2,20,25.1,1144.1
Manchester United,Premier League,8,124.3,185.7,si,Liverpool,11,82,82,83,80,9,3,3,5,20,25.0,828.9
Metz,Ligue 1,1,7.4,13.2,no,Strasbourg,68,70,69,68,71,1,16,18,16,18,24.5,49.2
Milan,Serie A,7,95.6,85.5,si,Inter,47,80,81,79,81,9,3,4,2,20,25.7,637.5
Monaco,Ligue 1,4,44.8,51.7,si,Nice,69,77,81,77,75,8,2,4,5,18,23.4,298.6
Montpellier,Ligue 1,2,14.2,19.3,no,Olympique de Marseille,70,73,68,75,73,4,18,7,9,18,25.3,94.5
Monza,Serie A,2,21.1,44.6,no,Como,111811,75,75,75,74,3,12,10,10,20,25.5,140.9
Nantes,Ligue 1,2,16.2,26.2,no,Rennes,71,73,73,73,73,4,10,11,9,18,24.7,108.2
Napoli,Serie A,8,98.6,78.6,si,Juventus,48,81,82,82,80,9,1,1,4,20,25.7,657.1
Newcastle United,Premier League,6,80.7,146.0,si,Sunderland,13,81,79,81,82,7,7,5,3,20,26.0,538.3
Nice,Ligue 1,4,30.5,41.2,no,Monaco,72,76,77,76,75,6,3,5,5,18,23.8,203.2
Nottingham Forest,Premier League,1,40.9,87.0,no,Derby County,14,77,75,77,75,3,13,10,15,20,25.9,272.8
Olympique Lyonnais,Ligue 1,4,29.3,33.8,si,Saint-Étienne,66,76,77,75,76,7,3,7,4,18,24.3,195.2
Olympique de Marseille,Ligue 1,6,40.7,46.1,si,Paris Saint Germain,219,78,77,78,78,8,3,2,2,18,24.9,271.6
Osasuna,La Liga,1,34.2,35.1,no,Athletic Club,479,77,77,77,77,5,10,9,6,20,25.9,228.0
Paris Saint Germain,Ligue 1,9,153.2,133.9,si,Olympique de Marseille,73,83,86,79,83,10,1,1,1,18,24.6,1021.2
RB Leipzig,Bundesliga,7,73.5,69.2,si,Borussia Dortmund,112172,80,82,79,79,8,2,4,3,18,25.0,489.9
Rayo Vallecano,La Liga,1,27.0,24.9,no,Leganés,480,76,76,77,77,3,14,9,6,20,27.4,180.3
Real Betis,La Liga,3,49.2,34.6,no,Sevilla,449,79,83,79,77,6,4,6,6,20,26.0,328.2
Real Madrid,La Liga,10,169.6,230.3,si,FC Barcelona,243,85,85,85,83,10,1,1,1,20,24.5,1130.7
Real Sociedad,La Liga,4,67.9,49.9,si,Athletic Club,457,79,79,81,79,7,7,4,5,20,23.6,452.7
Rennes,Ligue 1,4,34.0,38.0,no,Nantes,74,76,77,78,74,7,3,2,8,18,24.4,226.7
Roma,Serie A,7,69.3,92.3,si,Lazio,52,80,82,78,81,8,1,6,2,20,25.6,461.8
SC Freiburg,Bundesliga,4,30.7,31.8,no,VfB Stuttgart,25,76,76,76,77,4,8,6,5,18,25.8,204.4
Salernitana,Serie A,1,17.7,26.7,no,Napoli,110373,73,74,73,71,3,13,14,17,20,26.5,118.3
Sassuolo,Serie A,3,26.3,23.9,no,Bologna,111974,75,78,73,72,4,8,14,14,20,25.7,175.6
Sevilla,La Liga,8,54.7,43.4,si,Real Betis,481,80,80,79,82,8,6,6,3,20,26.6,365.0
Sheffield United,Premier League,1,14.8,34.7,no,Sheffield Wednesday,1794,73,72,74,72,1,18,18,19,20,24.5,98.9
Stade de Reims,Ligue 1,1,18.7,18.7,no,Troyes,379,73,69,75,72,4,16,7,12,18,23.8,124.7
Strasbourg,Ligue 1,2,12.7,19.1,no,Metz,76,72,72,72,72,4,12,14,12,18,23.8,84.6
TSG Hoffenheim,Bundesliga,4,27.1,42.0,no,VfB Stuttgart,10029,76,77,76,75,5,5,6,7,18,25.1,180.8
Torino,Serie A,4,31.2,43.7,no,Juventus,54,75,76,74,76,5,10,11,9,20,24.1,207.9
Tottenham Hotspur,Premier League,7,91.8,118.6,si,Arsenal,18,81,81,80,79,7,6,7,6,20,25.0,612.2
Toulouse,Ligue 1,1,13.8,16.5,no,Bordeaux,1809,71,75,71,72,3,9,16,12,18,22.6,91.9
Udinese,Serie A,3,22.3,20.0,no,Napoli,55,74,74,73,74,4,13,14,10,20,24.7,148.4
Valencia,La Liga,6,31.0,29.5,no,Levante,461,75,74,74,76,7,18,17,11,20,23.3,206.8
VfB Stuttgart,Bundesliga,4,17.7,26.8,no,SC Freiburg,36,73,76,73,73,3,8,15,14,18,23.0,118.0
VfL Bochum 1848,Bundesliga,1,10.9,24.6,no,Schalke 04,160,73,74,73,73,2,14,15,14,18,26.7,72.6
VfL Wolfsburg,Bundesliga,5,40.4,50.4,si,Hannover 96,175,77,76,78,75,6,8,5,7,18,23.6,269.6
Villarreal,La Liga,7,45.2,42.8,si,Valencia,483,79,79,80,77,8,7,5,6,20,27.8,301.4
Werder Bremen,Bundesliga,3,15.7,24.2,no,Hamburger SV,38,74,75,74,74,3,12,12,11,18,25.3,104.8
West Ham United,Premier League,6,48.9,83.7,no,Millwall,19,78,78,79,78,6,9,8,8,20,25.3,326.0
Wolverhampton Wanderers,Premier League,3,31.6,64.9,no,West Bromwich Albion,110,76,75,77,76,4,13,10,11,20,24.9,210.8
