id,nombre,edad,posicion,club,nacionalidad,valor_mercado,salario_anual,anios_contrato,rating,titular
1,Tomás Rivas,29,POR,Deportivo Mirador,Chile,8,2.5,3,74,si
2,Hugo Salinas,34,DFC,Deportivo Mirador,Argentina,2,3.0,1,70,si
3,Marcos Peña,31,DFC,Deportivo Mirador,Chile,3,2.8,2,68,si
4,Iván Soto,20,DFC,Deportivo Mirador,Chile,1,0.5,4,58,no
5,Diego Fuentes,26,LAT,Deportivo Mirador,Chile,9,3.0,3,72,si
6,Bruno Mora,24,LAT,Deportivo Mirador,Uruguay,6,2.0,4,69,si
7,Camilo Reyes,27,MED,Deportivo Mirador,Colombia,14,4.5,2,75,si
8,Andrés Lagos,30,MED,Deportivo Mirador,Chile,6,3.5,1,71,si
9,Felipe Cano,21,MED,Deportivo Mirador,Chile,4,1.0,5,64,no
10,Mateo Ibarra,25,EXT,Deportivo Mirador,Argentina,12,4.0,3,74,si
11,Nicolás Vera,28,DEL,Deportivo Mirador,Chile,15,5.0,2,76,si
12,Lucas Paredes,22,DEL,Deportivo Mirador,Chile,3,0.8,3,62,no
13,Sergio Aranda,31,POR,Real Costanera,España,18,6.0,2,82,si
14,Álvaro Quiroga,25,DFC,Real Costanera,España,35,9.0,4,83,si
15,Rafael Montes,23,DFC,Real Costanera,España,18,4.0,4,77,no
16,Gonzalo Pérez,28,MED,Real Costanera,Argentina,40,10.0,3,85,si
17,Joaquín Ledesma,24,EXT,Real Costanera,Brasil,45,11.0,5,86,si
18,Emilio Cárdenas,27,DEL,Real Costanera,Francia,50,12.0,3,87,si
19,Pablo Giménez,24,POR,Unión Ribera,Uruguay,7,1.5,3,73,si
20,Martín Olivares,27,DFC,Unión Ribera,Chile,16,3.5,3,76,si
21,Cristóbal Navarro,29,DFC,Unión Ribera,Chile,9,3.0,1,72,si
22,Ignacio Bravo,22,LAT,Unión Ribera,Chile,8,1.5,4,70,si
23,Renato Silva,26,MED,Unión Ribera,Brasil,11,3.0,2,73,si
24,Esteban Rojas,30,DEL,Unión Ribera,Argentina,8,4.0,1,72,si
25,Facundo Medina,22,DFC,Sporting Alameda,Argentina,12,1.2,4,75,si
26,Julián Escobar,33,DFC,Sporting Alameda,Uruguay,1.5,2.2,1,67,si
27,Leandro Torres,26,DFC,Sporting Alameda,Argentina,17,4.0,3,78,si
28,Víctor Bustos,24,MED,Sporting Alameda,Chile,10,2.5,3,72,si
29,Santiago Acuña,20,EXT,Sporting Alameda,Colombia,14,1.5,5,71,si
30,Manuel Ortega,27,DEL,Sporting Alameda,Uruguay,9,3.0,2,71,si